Date,Season,HomeTeam,AwayTeam,FTH Goals,FTA Goals,FT Result,HTH Goals,HTA Goals,HT Result,Referee,H Shots,A Shots,H SOT,A SOT,H Fouls,A Fouls,H Corners,A Corners,H Yellow,A Yellow,H Red,A Red,Display_Order,League
26/07/2020,2019/20,Newcastle,Liverpool,1,3,A,1.0,1.0,D,A Taylor,3.0,14.0,2.0,6.0,11.0,5.0,2.0,4.0,1.0,0.0,0.0,0.0,20200726,Premier League
26/07/2020,2019/20,Southampton,Sheffield United,3,1,H,0.0,1.0,A,P Bankes,13.0,5.0,4.0,3.0,9.0,16.0,9.0,1.0,0.0,1.0,0.0,0.0,20200726,Premier League
26/07/2020,2019/20,Leicester,Man United,0,2,A,0.0,0.0,D,M Atkinson,14.0,7.0,3.0,3.0,12.0,11.0,3.0,3.0,1.0,4.0,1.0,0.0,20200726,Premier League
26/07/2020,2019/20,West Ham,Aston Villa,1,1,D,0.0,0.0,D,M Oliver,10.0,13.0,1.0,4.0,16.0,13.0,0.0,7.0,2.0,1.0,0.0,0.0,20200726,Premier League
26/07/2020,2019/20,Crystal Palace,Tottenham,1,1,D,0.0,1.0,A,A Marriner,13.0,7.0,2.0,2.0,11.0,13.0,7.0,2.0,3.0,2.0,0.0,0.0,20200726,Premier League
26/07/2020,2019/20,Everton,Bournemouth,1,3,A,1.0,2.0,A,C Kavanagh,13.0,13.0,5.0,7.0,11.0,9.0,2.0,5.0,1.0,0.0,0.0,0.0,20200726,Premier League
26/07/2020,2019/20,Man City,Norwich,5,0,H,2.0,0.0,H,C Pawson,31.0,5.0,10.0,4.0,7.0,4.0,9.0,0.0,1.0,1.0,0.0,0.0,20200726,Premier League
26/07/2020,2019/20,Arsenal,Watford,3,2,H,3.0,1.0,H,M Dean,13.0,19.0,5.0,6.0,9.0,12.0,4.0,8.0,3.0,3.0,0.0,0.0,20200726,Premier League
26/07/2020,2019/20,Chelsea,Wolves,2,0,H,2.0,0.0,H,S Attwell,11.0,5.0,3.0,1.0,10.0,16.0,3.0,3.0,2.0,3.0,0.0,0.0,20200726,Premier League
26/07/2020,2019/20,Burnley,Brighton,1,2,A,1.0,1.0,D,J Moss,13.0,14.0,2.0,4.0,11.0,11.0,6.0,7.0,3.0,0.0,0.0,0.0,20200726,Premier League
22/07/2020,2019/20,Man United,West Ham,1,1,D,0.0,1.0,A,P Tierney,11.0,12.0,4.0,3.0,10.0,9.0,2.0,3.0,3.0,1.0,0.0,0.0,20200722,Premier League
22/07/2020,2019/20,Liverpool,Chelsea,5,3,H,3.0,1.0,H,A Marriner,10.0,10.0,7.0,5.0,8.0,11.0,6.0,0.0,1.0,0.0,0.0,0.0,20200722,Premier League
21/07/2020,2019/20,Aston Villa,Arsenal,1,0,H,1.0,0.0,H,C Kavanagh,8.0,7.0,3.0,0.0,13.0,19.0,8.0,9.0,2.0,4.0,0.0,0.0,20200721,Premier League
21/07/2020,2019/20,Watford,Man City,0,4,A,0.0,2.0,A,M Oliver,2.0,26.0,0.0,10.0,14.0,11.0,0.0,8.0,2.0,0.0,0.0,0.0,20200721,Premier League
20/07/2020,2019/20,Brighton,Newcastle,0,0,D,0.0,0.0,D,S Hooper,11.0,12.0,3.0,1.0,13.0,12.0,9.0,7.0,4.0,2.0,0.0,0.0,20200720,Premier League
20/07/2020,2019/20,Wolves,Crystal Palace,2,0,H,1.0,0.0,H,P Bankes,11.0,7.0,5.0,3.0,11.0,15.0,5.0,2.0,2.0,1.0,0.0,0.0,20200720,Premier League
20/07/2020,2019/20,Sheffield United,Everton,0,1,A,0.0,0.0,D,S Attwell,8.0,5.0,0.0,2.0,11.0,19.0,7.0,1.0,1.0,3.0,0.0,0.0,20200720,Premier League
19/07/2020,2019/20,Tottenham,Leicester,3,0,H,3.0,0.0,H,A Taylor,7.0,24.0,3.0,6.0,15.0,10.0,4.0,13.0,2.0,1.0,0.0,0.0,20200719,Premier League
19/07/2020,2019/20,Bournemouth,Southampton,0,2,A,0.0,1.0,A,C Pawson,11.0,16.0,3.0,8.0,12.0,11.0,12.0,6.0,2.0,2.0,0.0,0.0,20200719,Premier League
18/07/2020,2019/20,Norwich,Burnley,0,2,A,0.0,1.0,A,K Friend,6.0,23.0,2.0,8.0,9.0,16.0,6.0,8.0,0.0,0.0,2.0,0.0,20200718,Premier League
17/07/2020,2019/20,West Ham,Watford,3,1,H,3.0,0.0,H,M Atkinson,10.0,14.0,4.0,3.0,11.0,11.0,9.0,3.0,0.0,2.0,0.0,0.0,20200717,Premier League
16/07/2020,2019/20,Leicester,Sheffield United,2,0,H,1.0,0.0,H,M Oliver,15.0,5.0,7.0,1.0,12.0,10.0,9.0,5.0,1.0,2.0,0.0,0.0,20200716,Premier League
16/07/2020,2019/20,Everton,Aston Villa,1,1,D,0.0,0.0,D,A Taylor,9.0,15.0,1.0,1.0,15.0,13.0,5.0,5.0,2.0,1.0,0.0,0.0,20200716,Premier League
16/07/2020,2019/20,Crystal Palace,Man United,0,2,A,0.0,1.0,A,G Scott,13.0,17.0,5.0,5.0,10.0,15.0,2.0,7.0,1.0,2.0,0.0,0.0,20200716,Premier League
16/07/2020,2019/20,Southampton,Brighton,1,1,D,0.0,1.0,A,A Marriner,21.0,10.0,6.0,2.0,6.0,10.0,8.0,2.0,1.0,0.0,0.0,0.0,20200716,Premier League
15/07/2020,2019/20,Newcastle,Tottenham,1,3,A,0.0,1.0,A,D Coote,22.0,8.0,6.0,5.0,6.0,13.0,5.0,4.0,2.0,3.0,0.0,0.0,20200715,Premier League
15/07/2020,2019/20,Man City,Bournemouth,2,1,H,2.0,0.0,H,L Mason,8.0,15.0,4.0,3.0,10.0,10.0,3.0,5.0,1.0,1.0,0.0,0.0,20200715,Premier League
15/07/2020,2019/20,Burnley,Wolves,1,1,D,0.0,0.0,D,M Dean,9.0,14.0,1.0,5.0,10.0,8.0,3.0,8.0,0.0,0.0,0.0,0.0,20200715,Premier League
15/07/2020,2019/20,Arsenal,Liverpool,2,1,H,2.0,1.0,H,P Tierney,3.0,24.0,2.0,8.0,14.0,10.0,2.0,13.0,3.0,1.0,0.0,0.0,20200715,Premier League
14/07/2020,2019/20,Chelsea,Norwich,1,0,H,1.0,0.0,H,J Moss,22.0,2.0,6.0,0.0,10.0,9.0,8.0,1.0,2.0,2.0,0.0,0.0,20200714,Premier League
13/07/2020,2019/20,Man United,Southampton,2,2,D,2.0,1.0,H,C Kavanagh,8.0,9.0,4.0,5.0,14.0,15.0,4.0,6.0,1.0,3.0,0.0,0.0,20200713,Premier League
12/07/2020,2019/20,Wolves,Everton,3,0,H,1.0,0.0,H,A Taylor,14.0,6.0,7.0,2.0,9.0,9.0,5.0,2.0,0.0,2.0,0.0,0.0,20200712,Premier League
12/07/2020,2019/20,Bournemouth,Leicester,4,1,H,0.0,1.0,A,S Attwell,10.0,13.0,4.0,5.0,11.0,12.0,2.0,6.0,2.0,1.0,0.0,1.0,20200712,Premier League
12/07/2020,2019/20,Aston Villa,Crystal Palace,2,0,H,1.0,0.0,H,M Atkinson,12.0,9.0,9.0,5.0,21.0,21.0,5.0,1.0,2.0,4.0,0.0,1.0,20200712,Premier League
12/07/2020,2019/20,Tottenham,Arsenal,2,1,H,1.0,1.0,D,M Oliver,15.0,13.0,9.0,4.0,16.0,11.0,6.0,5.0,5.0,3.0,0.0,0.0,20200712,Premier League
11/07/2020,2019/20,Norwich,West Ham,0,4,A,0.0,2.0,A,K Friend,11.0,19.0,2.0,7.0,9.0,8.0,1.0,6.0,1.0,0.0,0.0,0.0,20200711,Premier League
11/07/2020,2019/20,Sheffield United,Chelsea,3,0,H,2.0,0.0,H,A Marriner,9.0,15.0,4.0,4.0,8.0,6.0,4.0,6.0,1.0,0.0,0.0,0.0,20200711,Premier League
11/07/2020,2019/20,Liverpool,Burnley,1,1,D,1.0,0.0,H,D Coote,23.0,6.0,9.0,2.0,7.0,4.0,12.0,6.0,1.0,2.0,0.0,0.0,20200711,Premier League
11/07/2020,2019/20,Watford,Newcastle,2,1,H,0.0,1.0,A,C Pawson,17.0,8.0,5.0,4.0,23.0,15.0,2.0,4.0,1.0,4.0,0.0,0.0,20200711,Premier League
11/07/2020,2019/20,Brighton,Man City,0,5,A,0.0,2.0,A,G Scott,3.0,26.0,0.0,8.0,7.0,3.0,2.0,7.0,1.0,0.0,0.0,0.0,20200711,Premier League
9/07/2020,2019/20,Everton,Southampton,1,1,D,1.0,1.0,D,L Mason,11.0,17.0,4.0,4.0,13.0,14.0,3.0,5.0,3.0,3.0,0.0,0.0,20200709,Premier League
9/07/2020,2019/20,Aston Villa,Man United,0,3,A,0.0,2.0,A,J Moss,9.0,14.0,1.0,6.0,7.0,13.0,3.0,5.0,2.0,3.0,0.0,0.0,20200709,Premier League
9/07/2020,2019/20,Bournemouth,Tottenham,0,0,D,0.0,0.0,D,P Tierney,9.0,9.0,2.0,0.0,11.0,14.0,8.0,12.0,3.0,2.0,0.0,0.0,20200709,Premier League
8/07/2020,2019/20,Sheffield United,Wolves,1,0,H,0.0,0.0,D,M Atkinson,7.0,6.0,3.0,1.0,5.0,6.0,6.0,1.0,2.0,0.0,0.0,0.0,20200708,Premier League
8/07/2020,2019/20,Brighton,Liverpool,1,3,A,1.0,2.0,A,C Pawson,12.0,19.0,2.0,8.0,7.0,15.0,6.0,10.0,1.0,4.0,0.0,0.0,20200708,Premier League
8/07/2020,2019/20,Man City,Newcastle,5,0,H,2.0,0.0,H,A Madley,23.0,6.0,9.0,1.0,12.0,7.0,8.0,1.0,0.0,0.0,0.0,0.0,20200708,Premier League
8/07/2020,2019/20,West Ham,Burnley,0,1,A,0.0,1.0,A,M Oliver,21.0,8.0,5.0,4.0,7.0,7.0,10.0,3.0,1.0,1.0,0.0,0.0,20200708,Premier League
7/07/2020,2019/20,Watford,Norwich,2,1,H,1.0,1.0,D,A Taylor,9.0,12.0,4.0,3.0,11.0,15.0,4.0,3.0,2.0,4.0,0.0,0.0,20200707,Premier League
7/07/2020,2019/20,Crystal Palace,Chelsea,2,3,A,1.0,2.0,A,D Coote,13.0,14.0,4.0,6.0,11.0,10.0,7.0,9.0,1.0,0.0,0.0,0.0,20200707,Premier League
7/07/2020,2019/20,Arsenal,Leicester,1,1,D,1.0,0.0,H,C Kavanagh,11.0,13.0,7.0,5.0,10.0,14.0,10.0,1.0,1.0,0.0,1.0,0.0,20200707,Premier League
6/07/2020,2019/20,Tottenham,Everton,1,0,H,1.0,0.0,H,G Scott,12.0,11.0,2.0,3.0,14.0,18.0,5.0,6.0,3.0,2.0,0.0,0.0,20200706,Premier League
5/07/2020,2019/20,Southampton,Man City,1,0,H,1.0,0.0,H,A Marriner,8.0,26.0,4.0,6.0,6.0,7.0,2.0,13.0,1.0,2.0,0.0,0.0,20200705,Premier League
5/07/2020,2019/20,Burnley,Sheffield United,1,1,D,1.0,0.0,H,P Bankes,9.0,10.0,4.0,3.0,8.0,14.0,3.0,9.0,0.0,0.0,0.0,0.0,20200705,Premier League
5/07/2020,2019/20,Newcastle,West Ham,2,2,D,1.0,1.0,D,C Pawson,11.0,17.0,4.0,7.0,9.0,11.0,6.0,4.0,0.0,0.0,0.0,0.0,20200705,Premier League
5/07/2020,2019/20,Liverpool,Aston Villa,2,0,H,0.0,0.0,D,P Tierney,6.0,9.0,4.0,3.0,18.0,8.0,7.0,5.0,1.0,1.0,0.0,0.0,20200705,Premier League
4/07/2020,2019/20,Wolves,Arsenal,0,2,A,0.0,1.0,A,M Oliver,10.0,8.0,1.0,5.0,6.0,11.0,3.0,5.0,2.0,4.0,0.0,0.0,20200704,Premier League
4/07/2020,2019/20,Leicester,Crystal Palace,3,0,H,0.0,0.0,D,J Moss,15.0,7.0,4.0,1.0,18.0,8.0,3.0,7.0,2.0,1.0,0.0,0.0,20200704,Premier League
4/07/2020,2019/20,Chelsea,Watford,3,0,H,2.0,0.0,H,K Friend,21.0,7.0,9.0,3.0,9.0,12.0,5.0,3.0,0.0,2.0,0.0,0.0,20200704,Premier League
4/07/2020,2019/20,Man United,Bournemouth,5,2,H,3.0,1.0,H,M Dean,19.0,7.0,10.0,3.0,13.0,12.0,8.0,3.0,0.0,1.0,0.0,0.0,20200704,Premier League
4/07/2020,2019/20,Norwich,Brighton,0,1,A,0.0,1.0,A,S Attwell,12.0,8.0,1.0,2.0,11.0,13.0,0.0,2.0,2.0,2.0,0.0,0.0,20200704,Premier League
2/07/2020,2019/20,Man City,Liverpool,4,0,H,3.0,0.0,H,A Taylor,14.0,11.0,6.0,3.0,8.0,7.0,3.0,3.0,2.0,2.0,0.0,0.0,20200702,Premier League
2/07/2020,2019/20,Sheffield United,Tottenham,3,1,H,1.0,0.0,H,C Kavanagh,7.0,9.0,5.0,2.0,13.0,13.0,1.0,6.0,2.0,0.0,0.0,0.0,20200702,Premier League
1/07/2020,2019/20,Everton,Leicester,2,1,H,2.0,0.0,H,D Coote,7.0,15.0,2.0,3.0,13.0,10.0,3.0,5.0,1.0,1.0,0.0,0.0,20200701,Premier League
1/07/2020,2019/20,Bournemouth,Newcastle,1,4,A,0.0,2.0,A,K Friend,12.0,12.0,1.0,7.0,11.0,10.0,6.0,3.0,2.0,0.0,0.0,0.0,20200701,Premier League
1/07/2020,2019/20,West Ham,Chelsea,3,2,H,1.0,1.0,D,M Atkinson,10.0,17.0,4.0,6.0,10.0,9.0,2.0,3.0,2.0,1.0,0.0,0.0,20200701,Premier League
1/07/2020,2019/20,Arsenal,Norwich,4,0,H,2.0,0.0,H,P Bankes,13.0,8.0,8.0,2.0,10.0,10.0,6.0,2.0,1.0,4.0,0.0,0.0,20200701,Premier League
30/06/2020,2019/20,Brighton,Man United,0,3,A,0.0,2.0,A,A Marriner,8.0,12.0,2.0,6.0,10.0,9.0,4.0,5.0,0.0,1.0,0.0,0.0,20200630,Premier League
29/06/2020,2019/20,Crystal Palace,Burnley,0,1,A,0.0,0.0,D,S Hooper,17.0,8.0,4.0,4.0,12.0,13.0,9.0,1.0,1.0,1.0,0.0,0.0,20200629,Premier League
28/06/2020,2019/20,Watford,Southampton,1,3,A,0.0,1.0,A,M Oliver,8.0,11.0,0.0,7.0,18.0,9.0,5.0,3.0,3.0,0.0,0.0,0.0,20200628,Premier League
27/06/2020,2019/20,Aston Villa,Wolves,0,1,A,0.0,0.0,D,C Pawson,11.0,9.0,1.0,2.0,16.0,16.0,2.0,2.0,1.0,1.0,0.0,0.0,20200627,Premier League
25/06/2020,2019/20,Southampton,Arsenal,0,2,A,0.0,1.0,A,G Scott,12.0,10.0,3.0,5.0,10.0,14.0,4.0,6.0,0.0,2.0,1.0,0.0,20200625,Premier League
25/06/2020,2019/20,Burnley,Watford,1,0,H,0.0,0.0,D,M Dean,9.0,10.0,5.0,4.0,13.0,15.0,1.0,7.0,1.0,0.0,0.0,0.0,20200625,Premier League
25/06/2020,2019/20,Chelsea,Man City,2,1,H,1.0,0.0,H,S Attwell,15.0,11.0,10.0,2.0,13.0,3.0,5.0,7.0,1.0,1.0,0.0,1.0,20200625,Premier League
24/06/2020,2019/20,Norwich,Everton,0,1,A,0.0,0.0,D,A Madley,9.0,12.0,1.0,5.0,8.0,13.0,6.0,5.0,0.0,1.0,0.0,0.0,20200624,Premier League
24/06/2020,2019/20,Liverpool,Crystal Palace,4,0,H,2.0,0.0,H,M Atkinson,21.0,3.0,7.0,0.0,7.0,5.0,6.0,0.0,0.0,0.0,0.0,0.0,20200624,Premier League
24/06/2020,2019/20,Wolves,Bournemouth,1,0,H,0.0,0.0,D,M Oliver,10.0,4.0,2.0,0.0,11.0,11.0,6.0,4.0,3.0,3.0,0.0,0.0,20200624,Premier League
24/06/2020,2019/20,Man United,Sheffield United,3,0,H,2.0,0.0,H,A Taylor,15.0,4.0,6.0,1.0,10.0,6.0,10.0,5.0,1.0,0.0,0.0,0.0,20200624,Premier League
24/06/2020,2019/20,Newcastle,Aston Villa,1,1,D,0.0,0.0,D,C Kavanagh,13.0,14.0,3.0,2.0,15.0,13.0,6.0,9.0,2.0,2.0,0.0,0.0,20200624,Premier League
23/06/2020,2019/20,Tottenham,West Ham,2,0,H,0.0,0.0,D,C Pawson,15.0,10.0,4.0,2.0,12.0,7.0,9.0,4.0,2.0,2.0,0.0,0.0,20200623,Premier League
23/06/2020,2019/20,Leicester,Brighton,0,0,D,0.0,0.0,D,L Mason,11.0,10.0,2.0,2.0,10.0,13.0,6.0,7.0,2.0,2.0,0.0,0.0,20200623,Premier League
22/06/2020,2019/20,Man City,Burnley,5,0,H,3.0,0.0,H,A Marriner,19.0,1.0,7.0,0.0,8.0,7.0,3.0,1.0,1.0,1.0,0.0,0.0,20200622,Premier League
21/06/2020,2019/20,Aston Villa,Chelsea,1,2,A,1.0,0.0,H,P Tierney,8.0,19.0,4.0,5.0,9.0,17.0,2.0,10.0,2.0,1.0,0.0,0.0,20200621,Premier League
21/06/2020,2019/20,Newcastle,Sheffield United,3,0,H,0.0,0.0,D,D Coote,12.0,7.0,8.0,1.0,9.0,10.0,2.0,4.0,2.0,0.0,0.0,1.0,20200621,Premier League
21/06/2020,2019/20,Everton,Liverpool,0,0,D,0.0,0.0,D,M Dean,9.0,10.0,3.0,3.0,15.0,12.0,1.0,6.0,2.0,2.0,0.0,0.0,20200621,Premier League
20/06/2020,2019/20,West Ham,Wolves,0,2,A,0.0,0.0,D,A Taylor,7.0,10.0,2.0,6.0,8.0,7.0,5.0,7.0,1.0,1.0,0.0,0.0,20200620,Premier League
20/06/2020,2019/20,Brighton,Arsenal,2,1,H,0.0,0.0,D,M Atkinson,9.0,13.0,5.0,6.0,13.0,8.0,10.0,7.0,2.0,1.0,0.0,0.0,20200620,Premier League
20/06/2020,2019/20,Bournemouth,Crystal Palace,0,2,A,0.0,2.0,A,S Attwell,12.0,7.0,1.0,2.0,13.0,15.0,11.0,4.0,3.0,2.0,0.0,0.0,20200620,Premier League
20/06/2020,2019/20,Watford,Leicester,1,1,D,0.0,0.0,D,C Pawson,8.0,15.0,4.0,2.0,15.0,12.0,2.0,7.0,0.0,1.0,0.0,0.0,20200620,Premier League
19/06/2020,2019/20,Tottenham,Man United,1,1,D,1.0,0.0,H,J Moss,10.0,12.0,3.0,6.0,17.0,18.0,7.0,6.0,0.0,1.0,0.0,0.0,20200619,Premier League
19/06/2020,2019/20,Norwich,Southampton,0,3,A,0.0,0.0,D,K Friend,9.0,22.0,1.0,9.0,9.0,15.0,9.0,7.0,1.0,1.0,0.0,0.0,20200619,Premier League
17/06/2020,2019/20,Aston Villa,Sheffield United,0,0,D,0.0,0.0,D,M Oliver,14.0,5.0,6.0,1.0,11.0,14.0,12.0,4.0,1.0,1.0,0.0,0.0,20200617,Premier League
17/06/2020,2019/20,Man City,Arsenal,3,0,H,1.0,0.0,H,A Taylor,20.0,3.0,12.0,0.0,9.0,7.0,5.0,2.0,1.0,1.0,0.0,1.0,20200617,Premier League
9/03/2020,2019/20,Leicester,Aston Villa,4,0,H,1.0,0.0,H,M Oliver,15.0,4.0,7.0,1.0,15.0,12.0,9.0,0.0,2.0,1.0,0.0,0.0,20200309,Premier League
8/03/2020,2019/20,Chelsea,Everton,4,0,H,2.0,0.0,H,K Friend,17.0,3.0,11.0,1.0,8.0,10.0,6.0,1.0,1.0,2.0,0.0,0.0,20200308,Premier League
8/03/2020,2019/20,Man United,Man City,2,0,H,1.0,0.0,H,M Dean,12.0,7.0,6.0,2.0,11.0,9.0,2.0,11.0,2.0,4.0,0.0,0.0,20200308,Premier League
7/03/2020,2019/20,Southampton,Newcastle,0,1,A,0.0,0.0,D,G Scott,6.0,14.0,3.0,7.0,14.0,15.0,5.0,8.0,0.0,3.0,1.0,0.0,20200307,Premier League
7/03/2020,2019/20,Liverpool,Bournemouth,2,1,H,2.0,1.0,H,P Tierney,14.0,6.0,6.0,4.0,10.0,12.0,9.0,4.0,0.0,1.0,0.0,0.0,20200307,Premier League
7/03/2020,2019/20,Wolves,Brighton,0,0,D,0.0,0.0,D,A Marriner,11.0,7.0,1.0,1.0,4.0,7.0,2.0,0.0,1.0,3.0,0.0,0.0,20200307,Premier League
7/03/2020,2019/20,Arsenal,West Ham,1,0,H,0.0,0.0,D,M Atkinson,9.0,14.0,2.0,6.0,11.0,9.0,6.0,7.0,1.0,2.0,0.0,0.0,20200307,Premier League
7/03/2020,2019/20,Burnley,Tottenham,1,1,D,1.0,0.0,H,J Moss,21.0,13.0,8.0,2.0,16.0,11.0,3.0,5.0,5.0,4.0,0.0,0.0,20200307,Premier League
7/03/2020,2019/20,Sheffield United,Norwich,1,0,H,1.0,0.0,H,S Hooper,10.0,12.0,4.0,5.0,12.0,8.0,10.0,5.0,0.0,0.0,0.0,0.0,20200307,Premier League
7/03/2020,2019/20,Crystal Palace,Watford,1,0,H,1.0,0.0,H,A Taylor,10.0,10.0,3.0,4.0,12.0,19.0,8.0,8.0,4.0,4.0,0.0,0.0,20200307,Premier League
1/03/2020,2019/20,Everton,Man United,1,1,D,1.0,1.0,D,C Kavanagh,16.0,14.0,5.0,5.0,11.0,11.0,13.0,8.0,3.0,4.0,0.0,0.0,20200301,Premier League
1/03/2020,2019/20,Tottenham,Wolves,2,3,A,2.0,1.0,H,S Attwell,13.0,14.0,5.0,4.0,12.0,14.0,4.0,5.0,3.0,2.0,0.0,0.0,20200301,Premier League
29/02/2020,2019/20,Brighton,Crystal Palace,0,1,A,0.0,0.0,D,M Atkinson,24.0,12.0,8.0,3.0,8.0,9.0,8.0,7.0,1.0,1.0,0.0,0.0,20200229,Premier League
29/02/2020,2019/20,Watford,Liverpool,3,0,H,0.0,0.0,D,M Oliver,14.0,7.0,5.0,1.0,4.0,8.0,3.0,5.0,0.0,0.0,0.0,0.0,20200229,Premier League
29/02/2020,2019/20,Bournemouth,Chelsea,2,2,D,0.0,1.0,A,A Marriner,9.0,23.0,5.0,6.0,8.0,5.0,4.0,14.0,2.0,2.0,0.0,0.0,20200229,Premier League
29/02/2020,2019/20,Newcastle,Burnley,0,0,D,0.0,0.0,D,A Madley,21.0,8.0,4.0,1.0,11.0,9.0,11.0,7.0,4.0,3.0,0.0,0.0,20200229,Premier League
29/02/2020,2019/20,West Ham,Southampton,3,1,H,2.0,1.0,H,A Taylor,14.0,10.0,7.0,2.0,8.0,11.0,4.0,9.0,1.0,1.0,0.0,0.0,20200229,Premier League
28/02/2020,2019/20,Norwich,Leicester,1,0,H,0.0,0.0,D,C Pawson,11.0,19.0,6.0,4.0,13.0,16.0,6.0,7.0,1.0,2.0,0.0,0.0,20200228,Premier League
24/02/2020,2019/20,Liverpool,West Ham,3,2,H,1.0,1.0,D,J Moss,25.0,7.0,7.0,4.0,4.0,10.0,16.0,8.0,0.0,3.0,0.0,0.0,20200224,Premier League
23/02/2020,2019/20,Man United,Watford,3,0,H,1.0,0.0,H,M Atkinson,21.0,7.0,9.0,2.0,6.0,15.0,3.0,5.0,0.0,1.0,0.0,0.0,20200223,Premier League
23/02/2020,2019/20,Wolves,Norwich,3,0,H,2.0,0.0,H,C Kavanagh,19.0,6.0,6.0,4.0,11.0,6.0,4.0,1.0,2.0,3.0,0.0,0.0,20200223,Premier League
23/02/2020,2019/20,Arsenal,Everton,3,2,H,2.0,2.0,D,S Attwell,9.0,17.0,4.0,5.0,12.0,12.0,6.0,3.0,0.0,4.0,0.0,0.0,20200223,Premier League
22/02/2020,2019/20,Burnley,Bournemouth,3,0,H,0.0,0.0,D,M Dean,16.0,12.0,10.0,4.0,9.0,9.0,7.0,3.0,4.0,3.0,0.0,0.0,20200222,Premier League
22/02/2020,2019/20,Sheffield United,Brighton,1,1,D,1.0,1.0,D,G Scott,14.0,8.0,3.0,2.0,3.0,6.0,12.0,2.0,0.0,2.0,0.0,0.0,20200222,Premier League
22/02/2020,2019/20,Southampton,Aston Villa,2,0,H,1.0,0.0,H,C Pawson,28.0,4.0,9.0,1.0,13.0,17.0,9.0,6.0,1.0,4.0,0.0,0.0,20200222,Premier League
22/02/2020,2019/20,Leicester,Man City,0,1,A,0.0,0.0,D,P Tierney,10.0,18.0,3.0,7.0,14.0,10.0,3.0,7.0,0.0,0.0,0.0,0.0,20200222,Premier League
22/02/2020,2019/20,Chelsea,Tottenham,2,1,H,1.0,0.0,H,M Oliver,17.0,5.0,7.0,3.0,14.0,14.0,3.0,5.0,1.0,2.0,0.0,0.0,20200222,Premier League
22/02/2020,2019/20,Crystal Palace,Newcastle,1,0,H,1.0,0.0,H,P Bankes,18.0,8.0,9.0,2.0,15.0,11.0,7.0,5.0,2.0,6.0,0.0,1.0,20200222,Premier League
19/02/2020,2019/20,Man City,West Ham,2,0,H,1.0,0.0,H,K Friend,20.0,3.0,7.0,0.0,5.0,7.0,6.0,1.0,0.0,1.0,0.0,0.0,20200219,Premier League
17/02/2020,2019/20,Chelsea,Man United,0,2,A,0.0,1.0,A,A Taylor,17.0,9.0,1.0,3.0,11.0,11.0,9.0,8.0,4.0,3.0,0.0,0.0,20200217,Premier League
16/02/2020,2019/20,Arsenal,Newcastle,4,0,H,0.0,0.0,D,L Mason,15.0,10.0,7.0,2.0,15.0,9.0,5.0,6.0,2.0,0.0,0.0,0.0,20200216,Premier League
16/02/2020,2019/20,Aston Villa,Tottenham,2,3,A,1.0,2.0,A,M Atkinson,18.0,23.0,4.0,10.0,12.0,10.0,12.0,7.0,2.0,0.0,0.0,0.0,20200216,Premier League
15/02/2020,2019/20,Norwich,Liverpool,0,1,A,0.0,0.0,D,S Attwell,5.0,17.0,1.0,6.0,5.0,11.0,2.0,7.0,1.0,2.0,0.0,0.0,20200215,Premier League
15/02/2020,2019/20,Southampton,Burnley,1,2,A,1.0,1.0,D,S Hooper,10.0,9.0,2.0,6.0,8.0,11.0,4.0,3.0,2.0,2.0,0.0,0.0,20200215,Premier League
14/02/2020,2019/20,Wolves,Leicester,0,0,D,0.0,0.0,D,M Dean,15.0,9.0,3.0,3.0,13.0,10.0,7.0,0.0,2.0,2.0,0.0,1.0,20200214,Premier League
9/02/2020,2019/20,Sheffield United,Bournemouth,2,1,H,1.0,1.0,D,J Moss,16.0,10.0,6.0,2.0,10.0,8.0,8.0,4.0,2.0,2.0,0.0,0.0,20200209,Premier League
8/02/2020,2019/20,Everton,Crystal Palace,3,1,H,1.0,0.0,H,D Coote,14.0,10.0,8.0,2.0,11.0,12.0,4.0,6.0,0.0,1.0,0.0,0.0,20200208,Premier League
8/02/2020,2019/20,Brighton,Watford,1,1,D,0.0,1.0,A,K Friend,10.0,5.0,2.0,2.0,9.0,12.0,3.0,2.0,2.0,2.0,0.0,0.0,20200208,Premier League
2/02/2020,2019/20,Burnley,Arsenal,0,0,D,0.0,0.0,D,C Kavanagh,15.0,13.0,2.0,2.0,8.0,11.0,5.0,7.0,1.0,3.0,0.0,0.0,20200202,Premier League
2/02/2020,2019/20,Tottenham,Man City,2,0,H,0.0,0.0,D,M Dean,3.0,18.0,3.0,5.0,8.0,14.0,2.0,6.0,2.0,3.0,0.0,1.0,20200202,Premier League
1/02/2020,2019/20,Man United,Wolves,0,0,D,0.0,0.0,D,P Tierney,15.0,14.0,5.0,3.0,14.0,15.0,4.0,6.0,3.0,2.0,0.0,0.0,20200201,Premier League
1/02/2020,2019/20,Liverpool,Southampton,4,0,H,0.0,0.0,D,K Friend,16.0,17.0,9.0,4.0,9.0,15.0,6.0,11.0,0.0,2.0,0.0,0.0,20200201,Premier League
1/02/2020,2019/20,Watford,Everton,2,3,A,2.0,2.0,D,C Pawson,11.0,12.0,2.0,5.0,17.0,14.0,4.0,4.0,2.0,2.0,0.0,1.0,20200201,Premier League
1/02/2020,2019/20,Crystal Palace,Sheffield United,0,1,A,0.0,0.0,D,A Madley,13.0,10.0,3.0,3.0,9.0,15.0,9.0,5.0,3.0,2.0,0.0,0.0,20200201,Premier League
1/02/2020,2019/20,Bournemouth,Aston Villa,2,1,H,2.0,0.0,H,A Taylor,16.0,18.0,6.0,5.0,10.0,15.0,1.0,8.0,1.0,3.0,1.0,0.0,20200201,Premier League
1/02/2020,2019/20,West Ham,Brighton,3,3,D,2.0,0.0,H,M Oliver,12.0,19.0,6.0,6.0,8.0,9.0,4.0,6.0,1.0,1.0,0.0,0.0,20200201,Premier League
1/02/2020,2019/20,Leicester,Chelsea,2,2,D,0.0,0.0,D,L Mason,14.0,7.0,4.0,3.0,16.0,14.0,4.0,6.0,2.0,2.0,0.0,0.0,20200201,Premier League
1/02/2020,2019/20,Newcastle,Norwich,0,0,D,0.0,0.0,D,M Atkinson,15.0,19.0,5.0,4.0,10.0,15.0,8.0,12.0,2.0,1.0,0.0,0.0,20200201,Premier League
29/01/2020,2019/20,West Ham,Liverpool,0,2,A,0.0,1.0,A,J Moss,7.0,13.0,4.0,5.0,6.0,6.0,3.0,7.0,2.0,0.0,0.0,0.0,20200129,Premier League
23/01/2020,2019/20,Wolves,Liverpool,1,2,A,0.0,1.0,A,M Oliver,10.0,13.0,3.0,6.0,6.0,11.0,2.0,4.0,0.0,1.0,0.0,0.0,20200123,Premier League
22/01/2020,2019/20,Man United,Burnley,0,2,A,0.0,1.0,A,J Moss,24.0,5.0,7.0,2.0,11.0,7.0,5.0,2.0,0.0,2.0,0.0,0.0,20200122,Premier League
22/01/2020,2019/20,Tottenham,Norwich,2,1,H,1.0,0.0,H,C Kavanagh,14.0,12.0,3.0,2.0,12.0,7.0,7.0,3.0,0.0,1.0,0.0,0.0,20200122,Premier League
22/01/2020,2019/20,Leicester,West Ham,4,1,H,2.0,0.0,H,D Coote,19.0,6.0,8.0,2.0,10.0,19.0,7.0,8.0,1.0,1.0,0.0,0.0,20200122,Premier League
21/01/2020,2019/20,Aston Villa,Watford,2,1,H,0.0,1.0,A,M Atkinson,16.0,8.0,5.0,2.0,11.0,18.0,6.0,3.0,2.0,2.0,0.0,0.0,20200121,Premier League
21/01/2020,2019/20,Bournemouth,Brighton,3,1,H,2.0,0.0,H,K Friend,11.0,21.0,3.0,8.0,9.0,12.0,5.0,8.0,1.0,1.0,0.0,0.0,20200121,Premier League
21/01/2020,2019/20,Crystal Palace,Southampton,0,2,A,0.0,1.0,A,A Marriner,6.0,15.0,0.0,6.0,12.0,13.0,0.0,8.0,1.0,2.0,0.0,0.0,20200121,Premier League
21/01/2020,2019/20,Chelsea,Arsenal,2,2,D,1.0,0.0,H,S Attwell,19.0,2.0,8.0,2.0,11.0,6.0,17.0,5.0,2.0,1.0,0.0,1.0,20200121,Premier League
21/01/2020,2019/20,Sheffield United,Man City,0,1,A,0.0,0.0,D,L Mason,4.0,18.0,1.0,5.0,13.0,13.0,5.0,13.0,4.0,3.0,0.0,0.0,20200121,Premier League
21/01/2020,2019/20,Everton,Newcastle,2,2,D,1.0,0.0,H,S Hooper,17.0,8.0,8.0,2.0,13.0,10.0,6.0,4.0,1.0,1.0,0.0,0.0,20200121,Premier League
19/01/2020,2019/20,Liverpool,Man United,2,0,H,1.0,0.0,H,C Pawson,16.0,9.0,5.0,4.0,7.0,10.0,11.0,5.0,1.0,3.0,0.0,0.0,20200119,Premier League
19/01/2020,2019/20,Burnley,Leicester,2,1,H,0.0,1.0,A,A Taylor,8.0,18.0,5.0,8.0,14.0,8.0,4.0,5.0,1.0,0.0,0.0,0.0,20200119,Premier League
18/01/2020,2019/20,Watford,Tottenham,0,0,D,0.0,0.0,D,M Oliver,15.0,17.0,2.0,5.0,13.0,13.0,3.0,3.0,2.0,3.0,0.0,0.0,20200118,Premier League
18/01/2020,2019/20,Man City,Crystal Palace,2,2,D,0.0,1.0,A,S Scott,25.0,5.0,6.0,3.0,9.0,7.0,14.0,2.0,1.0,2.0,0.0,0.0,20200118,Premier League
18/01/2020,2019/20,West Ham,Everton,1,1,D,1.0,1.0,D,A Marriner,12.0,11.0,6.0,3.0,11.0,13.0,7.0,6.0,1.0,0.0,0.0,0.0,20200118,Premier League
18/01/2020,2019/20,Norwich,Bournemouth,1,0,H,1.0,0.0,H,P Tierney,16.0,6.0,5.0,3.0,10.0,10.0,4.0,5.0,2.0,2.0,1.0,1.0,20200118,Premier League
18/01/2020,2019/20,Brighton,Aston Villa,1,1,D,1.0,0.0,H,A Madley,10.0,8.0,2.0,3.0,11.0,13.0,3.0,4.0,3.0,3.0,0.0,0.0,20200118,Premier League
18/01/2020,2019/20,Southampton,Wolves,2,3,A,2.0,0.0,H,D England,11.0,8.0,5.0,4.0,13.0,12.0,1.0,3.0,2.0,1.0,0.0,0.0,20200118,Premier League
18/01/2020,2019/20,Newcastle,Chelsea,1,0,H,0.0,0.0,D,C Kavanagh,7.0,19.0,2.0,4.0,9.0,14.0,1.0,10.0,1.0,1.0,0.0,0.0,20200118,Premier League
18/01/2020,2019/20,Arsenal,Sheffield United,1,1,D,1.0,0.0,H,M Dean,11.0,12.0,4.0,4.0,9.0,13.0,4.0,5.0,1.0,2.0,0.0,0.0,20200118,Premier League
12/01/2020,2019/20,Aston Villa,Man City,1,6,A,0.0,4.0,A,J Moss,7.0,22.0,1.0,12.0,5.0,12.0,2.0,4.0,2.0,1.0,0.0,0.0,20200112,Premier League
12/01/2020,2019/20,Bournemouth,Watford,0,3,A,0.0,1.0,A,M Dean,10.0,18.0,1.0,6.0,3.0,13.0,5.0,5.0,1.0,1.0,0.0,0.0,20200112,Premier League
11/01/2020,2019/20,Tottenham,Liverpool,0,1,A,0.0,1.0,A,M Atkinson,14.0,13.0,4.0,7.0,4.0,8.0,4.0,3.0,0.0,2.0,0.0,0.0,20200111,Premier League
11/01/2020,2019/20,Crystal Palace,Arsenal,1,1,D,0.0,1.0,A,P Tierney,6.0,7.0,3.0,4.0,14.0,22.0,1.0,4.0,2.0,3.0,0.0,1.0,20200111,Premier League
11/01/2020,2019/20,Wolves,Newcastle,1,1,D,1.0,1.0,D,P Bankes,9.0,5.0,4.0,1.0,13.0,12.0,5.0,2.0,0.0,3.0,0.0,0.0,20200111,Premier League
11/01/2020,2019/20,Chelsea,Burnley,3,0,H,2.0,0.0,H,K Friend,18.0,7.0,8.0,2.0,7.0,4.0,10.0,3.0,0.0,3.0,0.0,0.0,20200111,Premier League
11/01/2020,2019/20,Man United,Norwich,4,0,H,1.0,0.0,H,A Taylor,13.0,8.0,6.0,3.0,18.0,7.0,4.0,2.0,0.0,0.0,0.0,0.0,20200111,Premier League
11/01/2020,2019/20,Leicester,Southampton,1,2,A,1.0,1.0,D,L Mason,5.0,16.0,5.0,10.0,9.0,17.0,2.0,4.0,0.0,3.0,0.0,0.0,20200111,Premier League
11/01/2020,2019/20,Everton,Brighton,1,0,H,1.0,0.0,H,D Coote,14.0,9.0,6.0,2.0,7.0,7.0,4.0,3.0,2.0,1.0,0.0,0.0,20200111,Premier League
10/01/2020,2019/20,Sheffield United,West Ham,1,0,H,0.0,0.0,D,M Oliver,13.0,7.0,3.0,2.0,11.0,6.0,7.0,3.0,1.0,0.0,0.0,0.0,20200110,Premier League
2/01/2020,2019/20,Liverpool,Sheffield United,2,0,H,1.0,0.0,H,P Tierney,19.0,3.0,7.0,2.0,5.0,8.0,8.0,4.0,0.0,0.0,0.0,0.0,20200102,Premier League
1/01/2020,2019/20,Brighton,Chelsea,1,1,D,0.0,1.0,A,S Attwell,16.0,16.0,5.0,5.0,8.0,15.0,5.0,3.0,2.0,3.0,0.0,0.0,20200101,Premier League
1/01/2020,2019/20,West Ham,Bournemouth,4,0,H,3.0,0.0,H,G Scott,14.0,3.0,7.0,2.0,3.0,12.0,9.0,2.0,1.0,2.0,0.0,0.0,20200101,Premier League
1/01/2020,2019/20,Burnley,Aston Villa,1,2,A,0.0,2.0,A,M Oliver,20.0,11.0,1.0,6.0,12.0,10.0,8.0,4.0,1.0,1.0,0.0,0.0,20200101,Premier League
1/01/2020,2019/20,Man City,Everton,2,1,H,0.0,0.0,D,A Marriner,16.0,7.0,7.0,2.0,11.0,11.0,3.0,6.0,0.0,4.0,0.0,0.0,20200101,Premier League
1/01/2020,2019/20,Southampton,Tottenham,1,0,H,1.0,0.0,H,M Dean,12.0,11.0,3.0,5.0,21.0,8.0,6.0,9.0,3.0,4.0,0.0,0.0,20200101,Premier League
1/01/2020,2019/20,Watford,Wolves,2,1,H,1.0,0.0,H,A Madley,9.0,16.0,3.0,4.0,12.0,6.0,4.0,7.0,3.0,1.0,1.0,0.0,20200101,Premier League
1/01/2020,2019/20,Newcastle,Leicester,0,3,A,0.0,2.0,A,M Atkinson,5.0,17.0,2.0,10.0,8.0,12.0,4.0,5.0,1.0,1.0,0.0,0.0,20200101,Premier League
1/01/2020,2019/20,Norwich,Crystal Palace,1,1,D,1.0,0.0,H,J Moss,15.0,12.0,4.0,3.0,12.0,9.0,2.0,5.0,5.0,0.0,0.0,0.0,20200101,Premier League
1/01/2020,2019/20,Arsenal,Man United,2,0,H,2.0,0.0,H,C Kavanagh,10.0,10.0,4.0,4.0,11.0,15.0,1.0,4.0,2.0,0.0,0.0,0.0,20200101,Premier League
29/12/2019,2019/20,Man City,Sheffield United,2,0,H,0.0,0.0,D,C Kavanagh,16.0,8.0,4.0,0.0,5.0,6.0,8.0,5.0,1.0,1.0,0.0,0.0,20191229,Premier League
29/12/2019,2019/20,Arsenal,Chelsea,1,2,A,1.0,0.0,H,C Pawson,7.0,13.0,2.0,4.0,13.0,19.0,2.0,3.0,5.0,4.0,0.0,0.0,20191229,Premier League
29/12/2019,2019/20,Liverpool,Wolves,1,0,H,1.0,0.0,H,A Taylor,10.0,10.0,3.0,2.0,7.0,3.0,5.0,6.0,1.0,0.0,0.0,0.0,20191229,Premier League
28/12/2019,2019/20,Brighton,Bournemouth,2,0,H,1.0,0.0,H,P Tierney,16.0,10.0,6.0,2.0,8.0,11.0,9.0,2.0,0.0,2.0,0.0,0.0,20191228,Premier League
28/12/2019,2019/20,Burnley,Man United,0,2,A,0.0,1.0,A,M Dean,8.0,14.0,1.0,5.0,17.0,10.0,5.0,4.0,4.0,3.0,0.0,0.0,20191228,Premier League
28/12/2019,2019/20,West Ham,Leicester,1,2,A,1.0,1.0,D,D Coote,14.0,13.0,4.0,8.0,16.0,4.0,5.0,5.0,4.0,1.0,0.0,0.0,20191228,Premier League
28/12/2019,2019/20,Norwich,Tottenham,2,2,D,1.0,0.0,H,K Friend,5.0,15.0,2.0,7.0,12.0,10.0,4.0,6.0,3.0,3.0,0.0,0.0,20191228,Premier League
28/12/2019,2019/20,Newcastle,Everton,1,2,A,0.0,1.0,A,L Mason,20.0,22.0,5.0,9.0,13.0,13.0,5.0,8.0,2.0,2.0,0.0,0.0,20191228,Premier League
28/12/2019,2019/20,Southampton,Crystal Palace,1,1,D,0.0,0.0,D,A Madley,14.0,5.0,5.0,2.0,13.0,7.0,12.0,4.0,1.0,2.0,0.0,0.0,20191228,Premier League
28/12/2019,2019/20,Watford,Aston Villa,3,0,H,1.0,0.0,H,S Hooper,20.0,11.0,6.0,2.0,16.0,9.0,6.0,3.0,3.0,1.0,1.0,0.0,20191228,Premier League
27/12/2019,2019/20,Wolves,Man City,3,2,H,0.0,1.0,A,M Atkinson,20.0,7.0,8.0,3.0,7.0,13.0,3.0,1.0,0.0,1.0,0.0,1.0,20191227,Premier League
26/12/2019,2019/20,Sheffield United,Watford,1,1,D,1.0,1.0,D,D Coote,16.0,5.0,4.0,2.0,11.0,8.0,9.0,1.0,1.0,3.0,0.0,0.0,20191226,Premier League
26/12/2019,2019/20,Chelsea,Southampton,0,2,A,0.0,1.0,A,J Moss,10.0,5.0,3.0,3.0,10.0,9.0,8.0,1.0,3.0,2.0,0.0,0.0,20191226,Premier League
26/12/2019,2019/20,Crystal Palace,West Ham,2,1,H,0.0,0.0,D,A Marriner,13.0,10.0,4.0,2.0,5.0,10.0,7.0,6.0,0.0,2.0,0.0,0.0,20191226,Premier League
26/12/2019,2019/20,Aston Villa,Norwich,1,0,H,0.0,0.0,D,C Kavanagh,11.0,16.0,2.0,6.0,15.0,12.0,5.0,8.0,2.0,3.0,0.0,0.0,20191226,Premier League
26/12/2019,2019/20,Man United,Newcastle,4,1,H,3.0,1.0,H,K Friend,22.0,7.0,10.0,2.0,10.0,7.0,5.0,0.0,2.0,2.0,0.0,0.0,20191226,Premier League
26/12/2019,2019/20,Tottenham,Brighton,2,1,H,0.0,1.0,A,G Scott,11.0,11.0,5.0,5.0,10.0,9.0,9.0,2.0,4.0,2.0,0.0,0.0,20191226,Premier League
26/12/2019,2019/20,Leicester,Liverpool,0,4,A,0.0,1.0,A,M Oliver,3.0,15.0,0.0,6.0,5.0,7.0,2.0,8.0,1.0,1.0,0.0,0.0,20191226,Premier League
26/12/2019,2019/20,Bournemouth,Arsenal,1,1,D,1.0,0.0,H,S Attwell,12.0,17.0,4.0,2.0,5.0,13.0,8.0,3.0,4.0,4.0,0.0,0.0,20191226,Premier League
26/12/2019,2019/20,Everton,Burnley,1,0,H,0.0,0.0,D,A Taylor,21.0,6.0,5.0,0.0,15.0,14.0,10.0,2.0,0.0,0.0,0.0,0.0,20191226,Premier League
22/12/2019,2019/20,Tottenham,Chelsea,0,2,A,0.0,2.0,A,A Taylor,5.0,13.0,1.0,3.0,9.0,11.0,3.0,5.0,4.0,3.0,1.0,0.0,20191222,Premier League
22/12/2019,2019/20,Watford,Man United,2,0,H,0.0,0.0,D,L Mason,11.0,17.0,3.0,8.0,16.0,11.0,3.0,5.0,3.0,1.0,0.0,0.0,20191222,Premier League
21/12/2019,2019/20,Man City,Leicester,3,1,H,2.0,1.0,H,M Dean,23.0,5.0,12.0,2.0,14.0,9.0,6.0,1.0,2.0,2.0,0.0,0.0,20191221,Premier League
21/12/2019,2019/20,Aston Villa,Southampton,1,3,A,0.0,2.0,A,C Pawson,19.0,17.0,6.0,8.0,16.0,15.0,7.0,5.0,2.0,1.0,0.0,0.0,20191221,Premier League
21/12/2019,2019/20,Bournemouth,Burnley,0,1,A,0.0,0.0,D,M Atkinson,3.0,2.0,0.0,1.0,13.0,21.0,4.0,5.0,2.0,4.0,0.0,0.0,20191221,Premier League
21/12/2019,2019/20,Newcastle,Crystal Palace,1,0,H,0.0,0.0,D,S Hooper,8.0,16.0,3.0,4.0,12.0,11.0,4.0,5.0,2.0,0.0,0.0,0.0,20191221,Premier League
21/12/2019,2019/20,Norwich,Wolves,1,2,A,1.0,0.0,H,P Bankes,13.0,14.0,7.0,4.0,7.0,14.0,3.0,11.0,2.0,4.0,0.0,0.0,20191221,Premier League
21/12/2019,2019/20,Brighton,Sheffield United,0,1,A,0.0,1.0,A,R Jones,9.0,7.0,2.0,2.0,6.0,11.0,4.0,3.0,1.0,3.0,0.0,0.0,20191221,Premier League
21/12/2019,2019/20,Everton,Arsenal,0,0,D,0.0,0.0,D,K Friend,9.0,6.0,0.0,2.0,10.0,11.0,5.0,4.0,2.0,3.0,0.0,0.0,20191221,Premier League
16/12/2019,2019/20,Crystal Palace,Brighton,1,1,D,0.0,0.0,D,C Pawson,11.0,15.0,4.0,10.0,7.0,12.0,3.0,7.0,1.0,1.0,0.0,0.0,20191216,Premier League
15/12/2019,2019/20,Wolves,Tottenham,1,2,A,0.0,1.0,A,S Attwell,18.0,9.0,5.0,5.0,14.0,10.0,11.0,2.0,4.0,4.0,0.0,0.0,20191215,Premier League
15/12/2019,2019/20,Arsenal,Man City,0,3,A,0.0,3.0,A,P Tierney,6.0,14.0,1.0,7.0,9.0,24.0,3.0,3.0,1.0,4.0,0.0,0.0,20191215,Premier League
15/12/2019,2019/20,Man United,Everton,1,1,D,0.0,1.0,A,M Oliver,24.0,8.0,8.0,3.0,10.0,12.0,6.0,5.0,1.0,2.0,0.0,0.0,20191215,Premier League
14/12/2019,2019/20,Leicester,Norwich,1,1,D,1.0,1.0,D,A Madley,18.0,10.0,5.0,3.0,11.0,15.0,12.0,4.0,0.0,4.0,0.0,0.0,20191214,Premier League
14/12/2019,2019/20,Chelsea,Bournemouth,0,1,A,0.0,0.0,D,G Scott,18.0,11.0,5.0,2.0,9.0,14.0,9.0,4.0,1.0,2.0,0.0,0.0,20191214,Premier League
14/12/2019,2019/20,Liverpool,Watford,2,0,H,1.0,0.0,H,A Marriner,16.0,8.0,6.0,2.0,8.0,6.0,6.0,3.0,2.0,1.0,0.0,0.0,20191214,Premier League
14/12/2019,2019/20,Southampton,West Ham,0,1,A,0.0,1.0,A,M Atkinson,11.0,11.0,2.0,4.0,9.0,14.0,5.0,8.0,1.0,3.0,0.0,0.0,20191214,Premier League
14/12/2019,2019/20,Burnley,Newcastle,1,0,H,0.0,0.0,D,T Robinson,7.0,9.0,4.0,0.0,15.0,12.0,4.0,3.0,0.0,2.0,0.0,0.0,20191214,Premier League
14/12/2019,2019/20,Sheffield United,Aston Villa,2,0,H,0.0,0.0,D,P Bankes,7.0,8.0,3.0,0.0,10.0,9.0,3.0,2.0,2.0,2.0,0.0,0.0,20191214,Premier League
9/12/2019,2019/20,West Ham,Arsenal,1,3,A,1.0,0.0,H,M Dean,11.0,10.0,4.0,3.0,12.0,6.0,4.0,3.0,2.0,0.0,0.0,0.0,20191209,Premier League
8/12/2019,2019/20,Newcastle,Southampton,2,1,H,0.0,0.0,D,D Coote,12.0,19.0,6.0,4.0,11.0,17.0,3.0,12.0,1.0,3.0,0.0,0.0,20191208,Premier League
8/12/2019,2019/20,Norwich,Sheffield United,1,2,A,1.0,0.0,H,S Hooper,14.0,9.0,4.0,3.0,6.0,12.0,9.0,1.0,0.0,4.0,0.0,0.0,20191208,Premier League
8/12/2019,2019/20,Aston Villa,Leicester,1,4,A,1.0,2.0,A,M Oliver,15.0,23.0,2.0,8.0,21.0,15.0,8.0,5.0,6.0,2.0,0.0,0.0,20191208,Premier League
8/12/2019,2019/20,Brighton,Wolves,2,2,D,2.0,2.0,D,J Moss,13.0,13.0,4.0,5.0,10.0,7.0,3.0,4.0,3.0,0.0,0.0,0.0,20191208,Premier League
7/12/2019,2019/20,Watford,Crystal Palace,0,0,D,0.0,0.0,D,M Atkinson,13.0,3.0,3.0,0.0,15.0,16.0,6.0,2.0,4.0,2.0,0.0,0.0,20191207,Premier League
7/12/2019,2019/20,Everton,Chelsea,3,1,H,1.0,0.0,H,C Pawson,13.0,15.0,7.0,4.0,14.0,9.0,1.0,5.0,3.0,0.0,0.0,0.0,20191207,Premier League
7/12/2019,2019/20,Bournemouth,Liverpool,0,3,A,0.0,2.0,A,C Kavanagh,3.0,21.0,0.0,9.0,5.0,6.0,1.0,3.0,0.0,1.0,0.0,0.0,20191207,Premier League
7/12/2019,2019/20,Tottenham,Burnley,5,0,H,3.0,0.0,H,K Friend,13.0,7.0,7.0,1.0,12.0,8.0,1.0,1.0,1.0,1.0,0.0,0.0,20191207,Premier League
7/12/2019,2019/20,Man City,Man United,1,2,A,0.0,2.0,A,A Taylor,22.0,11.0,5.0,7.0,10.0,10.0,16.0,3.0,3.0,2.0,0.0,0.0,20191207,Premier League
5/12/2019,2019/20,Arsenal,Brighton,1,2,A,0.0,1.0,A,G Scott,12.0,20.0,5.0,9.0,10.0,11.0,9.0,9.0,3.0,1.0,0.0,0.0,20191205,Premier League
5/12/2019,2019/20,Sheffield United,Newcastle,0,2,A,0.0,1.0,A,S Attwell,13.0,6.0,6.0,4.0,10.0,6.0,8.0,1.0,2.0,0.0,0.0,0.0,20191205,Premier League
4/12/2019,2019/20,Liverpool,Everton,5,2,H,4.0,2.0,H,M Dean,11.0,12.0,5.0,4.0,13.0,17.0,5.0,6.0,1.0,2.0,0.0,0.0,20191204,Premier League
4/12/2019,2019/20,Leicester,Watford,2,0,H,0.0,0.0,D,C Pawson,12.0,4.0,6.0,1.0,13.0,16.0,7.0,2.0,3.0,2.0,0.0,0.0,20191204,Premier League
4/12/2019,2019/20,Southampton,Norwich,2,1,H,2.0,0.0,H,K Friend,14.0,10.0,5.0,3.0,12.0,7.0,6.0,1.0,1.0,1.0,0.0,0.0,20191204,Premier League
4/12/2019,2019/20,Chelsea,Aston Villa,2,1,H,1.0,1.0,D,C Kavanagh,25.0,9.0,9.0,3.0,18.0,10.0,9.0,5.0,2.0,1.0,0.0,0.0,20191204,Premier League
4/12/2019,2019/20,Man United,Tottenham,2,1,H,1.0,1.0,D,P Tierney,12.0,8.0,7.0,5.0,9.0,9.0,4.0,3.0,0.0,1.0,0.0,0.0,20191204,Premier League
4/12/2019,2019/20,Wolves,West Ham,2,0,H,1.0,0.0,H,A Marriner,13.0,6.0,7.0,3.0,8.0,9.0,5.0,4.0,1.0,2.0,0.0,0.0,20191204,Premier League
3/12/2019,2019/20,Burnley,Man City,1,4,A,0.0,1.0,A,J Moss,4.0,17.0,2.0,8.0,9.0,6.0,3.0,6.0,1.0,1.0,0.0,0.0,20191203,Premier League
3/12/2019,2019/20,Crystal Palace,Bournemouth,1,0,H,0.0,0.0,D,A Taylor,7.0,6.0,2.0,3.0,6.0,15.0,6.0,9.0,3.0,3.0,1.0,0.0,20191203,Premier League
1/12/2019,2019/20,Wolves,Sheffield United,1,1,D,0.0,1.0,A,D Coote,13.0,9.0,3.0,4.0,12.0,18.0,7.0,2.0,1.0,4.0,0.0,0.0,20191201,Premier League
1/12/2019,2019/20,Man United,Aston Villa,2,2,D,1.0,1.0,D,C Pawson,16.0,9.0,6.0,3.0,16.0,8.0,9.0,9.0,4.0,1.0,0.0,0.0,20191201,Premier League
1/12/2019,2019/20,Leicester,Everton,2,1,H,0.0,1.0,A,G Scott,16.0,11.0,6.0,3.0,7.0,9.0,4.0,4.0,0.0,1.0,0.0,0.0,20191201,Premier League
1/12/2019,2019/20,Norwich,Arsenal,2,2,D,2.0,1.0,H,P Tierney,15.0,16.0,8.0,7.0,8.0,10.0,7.0,12.0,2.0,1.0,0.0,0.0,20191201,Premier League
30/11/2019,2019/20,Chelsea,West Ham,0,1,A,0.0,0.0,D,J Moss,19.0,5.0,6.0,4.0,0.0,16.0,9.0,3.0,0.0,3.0,0.0,0.0,20191130,Premier League
30/11/2019,2019/20,Southampton,Watford,2,1,H,0.0,1.0,A,M Oliver,11.0,6.0,6.0,3.0,6.0,10.0,6.0,7.0,1.0,0.0,0.0,0.0,20191130,Premier League
30/11/2019,2019/20,Newcastle,Man City,2,2,D,1.0,1.0,D,C Kavanagh,6.0,24.0,3.0,9.0,4.0,6.0,1.0,10.0,1.0,2.0,0.0,0.0,20191130,Premier League
30/11/2019,2019/20,Burnley,Crystal Palace,0,2,A,0.0,1.0,A,P Bankes,15.0,7.0,4.0,2.0,13.0,10.0,5.0,6.0,2.0,0.0,0.0,0.0,20191130,Premier League
30/11/2019,2019/20,Tottenham,Bournemouth,3,2,H,1.0,0.0,H,L Mason,15.0,20.0,5.0,6.0,10.0,12.0,4.0,8.0,0.0,2.0,0.0,0.0,20191130,Premier League
30/11/2019,2019/20,Liverpool,Brighton,2,1,H,2.0,0.0,H,M Atkinson,15.0,12.0,7.0,5.0,3.0,10.0,4.0,5.0,0.0,0.0,1.0,0.0,20191130,Premier League
25/11/2019,2019/20,Aston Villa,Newcastle,2,0,H,2.0,0.0,H,L Mason,17.0,11.0,8.0,5.0,10.0,9.0,11.0,6.0,1.0,1.0,0.0,0.0,20191125,Premier League
24/11/2019,2019/20,Sheffield United,Man United,3,3,D,1.0,0.0,H,A Marriner,12.0,11.0,8.0,5.0,13.0,10.0,6.0,3.0,1.0,2.0,0.0,0.0,20191124,Premier League
23/11/2019,2019/20,Man City,Chelsea,2,1,H,2.0,1.0,H,M Atkinson,15.0,11.0,4.0,2.0,5.0,9.0,8.0,2.0,1.0,1.0,0.0,0.0,20191123,Premier League
23/11/2019,2019/20,Bournemouth,Wolves,1,2,A,0.0,2.0,A,S Hooper,9.0,17.0,2.0,7.0,10.0,12.0,5.0,9.0,2.0,1.0,1.0,0.0,20191123,Premier League
23/11/2019,2019/20,Crystal Palace,Liverpool,1,2,A,0.0,0.0,D,K Friend,16.0,12.0,6.0,4.0,8.0,7.0,9.0,8.0,0.0,1.0,0.0,0.0,20191123,Premier League
23/11/2019,2019/20,Arsenal,Southampton,2,2,D,1.0,1.0,D,S Attwell,12.0,21.0,5.0,6.0,13.0,19.0,6.0,8.0,6.0,2.0,0.0,0.0,20191123,Premier League
23/11/2019,2019/20,Everton,Norwich,0,2,A,0.0,0.0,D,A Taylor,18.0,13.0,7.0,5.0,12.0,11.0,7.0,7.0,3.0,5.0,0.0,0.0,20191123,Premier League
23/11/2019,2019/20,Brighton,Leicester,0,2,A,0.0,0.0,D,M Dean,7.0,19.0,0.0,9.0,9.0,1.0,6.0,7.0,2.0,0.0,0.0,0.0,20191123,Premier League
23/11/2019,2019/20,Watford,Burnley,0,3,A,0.0,0.0,D,P Tierney,15.0,11.0,4.0,5.0,14.0,13.0,7.0,5.0,0.0,3.0,0.0,0.0,20191123,Premier League
23/11/2019,2019/20,West Ham,Tottenham,2,3,A,0.0,2.0,A,M Oliver,11.0,15.0,4.0,6.0,12.0,14.0,3.0,7.0,3.0,2.0,0.0,0.0,20191123,Premier League
10/11/2019,2019/20,Man United,Brighton,3,1,H,2.0,0.0,H,J Moss,21.0,6.0,11.0,2.0,10.0,14.0,5.0,2.0,2.0,5.0,0.0,0.0,20191110,Premier League
10/11/2019,2019/20,Wolves,Aston Villa,2,1,H,1.0,0.0,H,A Taylor,17.0,13.0,5.0,4.0,17.0,8.0,6.0,3.0,4.0,3.0,0.0,0.0,20191110,Premier League
10/11/2019,2019/20,Liverpool,Man City,3,1,H,2.0,0.0,H,M Oliver,12.0,18.0,5.0,3.0,10.0,5.0,4.0,13.0,0.0,2.0,0.0,0.0,20191110,Premier League
9/11/2019,2019/20,Tottenham,Sheffield United,1,1,D,0.0,0.0,D,G Scott,17.0,14.0,5.0,4.0,6.0,9.0,4.0,4.0,2.0,2.0,0.0,0.0,20191109,Premier League
9/11/2019,2019/20,Newcastle,Bournemouth,2,1,H,1.0,1.0,D,M Atkinson,20.0,16.0,9.0,3.0,10.0,5.0,5.0,4.0,2.0,0.0,0.0,0.0,20191109,Premier League
9/11/2019,2019/20,Burnley,West Ham,3,0,H,2.0,0.0,H,K Friend,14.0,7.0,12.0,4.0,17.0,10.0,11.0,4.0,2.0,1.0,0.0,0.0,20191109,Premier League
9/11/2019,2019/20,Leicester,Arsenal,2,0,H,0.0,0.0,D,C Kavanagh,19.0,8.0,7.0,1.0,10.0,10.0,5.0,4.0,1.0,1.0,0.0,0.0,20191109,Premier League
9/11/2019,2019/20,Southampton,Everton,1,2,A,0.0,1.0,A,P Tierney,4.0,24.0,3.0,5.0,12.0,12.0,5.0,9.0,1.0,1.0,0.0,0.0,20191109,Premier League
9/11/2019,2019/20,Chelsea,Crystal Palace,2,0,H,0.0,0.0,D,M Dean,23.0,3.0,5.0,1.0,9.0,17.0,7.0,0.0,3.0,2.0,0.0,0.0,20191109,Premier League
8/11/2019,2019/20,Norwich,Watford,0,2,A,0.0,1.0,A,A Marriner,17.0,12.0,5.0,2.0,7.0,13.0,10.0,4.0,1.0,2.0,0.0,1.0,20191108,Premier League
3/11/2019,2019/20,Everton,Tottenham,1,1,D,0.0,0.0,D,M Atkinson,7.0,4.0,3.0,2.0,9.0,8.0,5.0,2.0,1.0,2.0,0.0,1.0,20191103,Premier League
3/11/2019,2019/20,Crystal Palace,Leicester,0,2,A,0.0,0.0,D,P Tierney,12.0,14.0,3.0,5.0,15.0,16.0,5.0,6.0,2.0,2.0,0.0,0.0,20191103,Premier League
2/11/2019,2019/20,Watford,Chelsea,1,2,A,0.0,1.0,A,A Taylor,12.0,16.0,3.0,10.0,8.0,5.0,1.0,6.0,4.0,2.0,0.0,0.0,20191102,Premier League
2/11/2019,2019/20,Arsenal,Wolves,1,1,D,1.0,0.0,H,M Oliver,10.0,25.0,4.0,8.0,6.0,15.0,8.0,9.0,0.0,2.0,0.0,0.0,20191102,Premier League
2/11/2019,2019/20,Man City,Southampton,2,1,H,0.0,1.0,A,L Mason,26.0,3.0,4.0,3.0,11.0,10.0,17.0,0.0,3.0,1.0,0.0,0.0,20191102,Premier League
2/11/2019,2019/20,Aston Villa,Liverpool,1,2,A,1.0,0.0,H,J Moss,5.0,25.0,2.0,6.0,12.0,9.0,2.0,10.0,1.0,2.0,0.0,0.0,20191102,Premier League
2/11/2019,2019/20,Bournemouth,Man United,1,0,H,1.0,0.0,H,C Kavanagh,12.0,15.0,6.0,4.0,14.0,12.0,4.0,10.0,4.0,3.0,0.0,0.0,20191102,Premier League
2/11/2019,2019/20,West Ham,Newcastle,2,3,A,0.0,2.0,A,S Attwell,16.0,12.0,6.0,9.0,10.0,7.0,7.0,3.0,2.0,1.0,0.0,0.0,20191102,Premier League
2/11/2019,2019/20,Sheffield United,Burnley,3,0,H,3.0,0.0,H,S Hooper,13.0,6.0,6.0,0.0,8.0,12.0,7.0,6.0,1.0,2.0,0.0,0.0,20191102,Premier League
2/11/2019,2019/20,Brighton,Norwich,2,0,H,0.0,0.0,D,K Friend,21.0,7.0,5.0,0.0,11.0,8.0,8.0,3.0,0.0,1.0,0.0,0.0,20191102,Premier League
27/10/2019,2019/20,Liverpool,Tottenham,2,1,H,0.0,1.0,A,A Taylor,21.0,11.0,13.0,4.0,9.0,11.0,8.0,3.0,3.0,3.0,0.0,0.0,20191027,Premier League
27/10/2019,2019/20,Newcastle,Wolves,1,1,D,1.0,0.0,H,K Friend,13.0,13.0,2.0,5.0,8.0,15.0,3.0,6.0,2.0,2.0,1.0,0.0,20191027,Premier League
27/10/2019,2019/20,Norwich,Man United,1,3,A,0.0,2.0,A,S Attwell,10.0,21.0,3.0,11.0,13.0,10.0,1.0,10.0,2.0,2.0,0.0,0.0,20191027,Premier League
27/10/2019,2019/20,Arsenal,Crystal Palace,2,2,D,2.0,1.0,H,M Atkinson,15.0,10.0,6.0,4.0,18.0,9.0,12.0,5.0,2.0,0.0,0.0,0.0,20191027,Premier League
26/10/2019,2019/20,Man City,Aston Villa,3,0,H,0.0,0.0,D,G Scott,25.0,11.0,9.0,5.0,10.0,5.0,13.0,7.0,1.0,1.0,1.0,0.0,20191026,Premier League
26/10/2019,2019/20,Watford,Bournemouth,0,0,D,0.0,0.0,D,M Dean,7.0,15.0,3.0,5.0,14.0,8.0,5.0,10.0,5.0,3.0,0.0,0.0,20191026,Premier League
26/10/2019,2019/20,Brighton,Everton,3,2,H,1.0,1.0,D,A Madley,8.0,10.0,4.0,6.0,12.0,12.0,0.0,5.0,2.0,1.0,0.0,0.0,20191026,Premier League
26/10/2019,2019/20,West Ham,Sheffield United,1,1,D,1.0,0.0,H,D Coote,12.0,10.0,4.0,4.0,7.0,10.0,10.0,4.0,2.0,2.0,0.0,0.0,20191026,Premier League
26/10/2019,2019/20,Burnley,Chelsea,2,4,A,0.0,2.0,A,M Oliver,13.0,16.0,5.0,7.0,7.0,8.0,5.0,6.0,3.0,2.0,0.0,0.0,20191026,Premier League
25/10/2019,2019/20,Southampton,Leicester,0,9,A,0.0,5.0,A,A Marriner,6.0,25.0,3.0,15.0,3.0,12.0,2.0,7.0,0.0,0.0,1.0,0.0,20191025,Premier League
21/10/2019,2019/20,Sheffield United,Arsenal,1,0,H,1.0,0.0,H,M Dean,8.0,9.0,2.0,3.0,10.0,12.0,7.0,12.0,4.0,4.0,0.0,0.0,20191021,Premier League
20/10/2019,2019/20,Man United,Liverpool,1,1,D,1.0,0.0,H,M Atkinson,7.0,10.0,2.0,4.0,6.0,14.0,3.0,1.0,0.0,1.0,0.0,0.0,20191020,Premier League
19/10/2019,2019/20,Crystal Palace,Man City,0,2,A,0.0,2.0,A,A Taylor,7.0,21.0,2.0,10.0,8.0,10.0,1.0,8.0,1.0,1.0,0.0,0.0,20191019,Premier League
19/10/2019,2019/20,Everton,West Ham,2,0,H,1.0,0.0,H,P Tierney,19.0,8.0,10.0,4.0,15.0,15.0,11.0,2.0,2.0,2.0,0.0,0.0,20191019,Premier League
19/10/2019,2019/20,Aston Villa,Brighton,2,1,H,1.0,1.0,D,D Coote,24.0,20.0,8.0,5.0,9.0,17.0,7.0,5.0,1.0,2.0,0.0,1.0,20191019,Premier League
19/10/2019,2019/20,Bournemouth,Norwich,0,0,D,0.0,0.0,D,L Mason,11.0,10.0,2.0,1.0,8.0,11.0,6.0,7.0,1.0,3.0,0.0,0.0,20191019,Premier League
19/10/2019,2019/20,Leicester,Burnley,2,1,H,1.0,1.0,D,J Moss,19.0,13.0,3.0,4.0,4.0,10.0,9.0,4.0,0.0,3.0,0.0,0.0,20191019,Premier League
19/10/2019,2019/20,Tottenham,Watford,1,1,D,0.0,1.0,A,C Kavanagh,12.0,7.0,2.0,2.0,5.0,9.0,11.0,2.0,4.0,3.0,0.0,0.0,20191019,Premier League
19/10/2019,2019/20,Chelsea,Newcastle,1,0,H,0.0,0.0,D,A Marriner,16.0,5.0,8.0,0.0,9.0,12.0,11.0,0.0,2.0,1.0,0.0,0.0,20191019,Premier League
19/10/2019,2019/20,Wolves,Southampton,1,1,D,0.0,0.0,D,P Bankes,4.0,14.0,1.0,5.0,10.0,17.0,1.0,3.0,3.0,2.0,0.0,0.0,20191019,Premier League
6/10/2019,2019/20,Arsenal,Bournemouth,1,0,H,1.0,0.0,H,M Atkinson,12.0,10.0,2.0,2.0,12.0,6.0,14.0,5.0,1.0,2.0,0.0,0.0,20191006,Premier League
6/10/2019,2019/20,Southampton,Chelsea,1,4,A,1.0,3.0,A,P Tierney,10.0,13.0,3.0,7.0,8.0,15.0,3.0,4.0,0.0,1.0,0.0,0.0,20191006,Premier League
6/10/2019,2019/20,Man City,Wolves,0,2,A,0.0,0.0,D,C Pawson,18.0,7.0,2.0,2.0,11.0,14.0,9.0,1.0,5.0,2.0,0.0,0.0,20191006,Premier League
6/10/2019,2019/20,Newcastle,Man United,1,0,H,0.0,0.0,D,M Dean,12.0,12.0,2.0,3.0,12.0,10.0,4.0,6.0,3.0,3.0,0.0,0.0,20191006,Premier League
5/10/2019,2019/20,Liverpool,Leicester,2,1,H,1.0,0.0,H,C Kavanagh,18.0,2.0,8.0,1.0,9.0,17.0,4.0,6.0,1.0,4.0,0.0,0.0,20191005,Premier League
5/10/2019,2019/20,Burnley,Everton,1,0,H,0.0,0.0,D,G Scott,9.0,11.0,3.0,2.0,5.0,12.0,7.0,9.0,2.0,1.0,0.0,1.0,20191005,Premier League
5/10/2019,2019/20,Norwich,Aston Villa,1,5,A,0.0,2.0,A,A Madley,21.0,22.0,5.0,12.0,14.0,17.0,10.0,6.0,1.0,3.0,0.0,0.0,20191005,Premier League
5/10/2019,2019/20,Watford,Sheffield United,0,0,D,0.0,0.0,D,A Marriner,8.0,9.0,2.0,3.0,7.0,6.0,7.0,7.0,0.0,2.0,0.0,0.0,20191005,Premier League
5/10/2019,2019/20,West Ham,Crystal Palace,1,2,A,0.0,0.0,D,M Oliver,9.0,7.0,4.0,4.0,11.0,7.0,2.0,2.0,3.0,2.0,0.0,0.0,20191005,Premier League
5/10/2019,2019/20,Brighton,Tottenham,3,0,H,2.0,0.0,H,J Moss,17.0,8.0,6.0,3.0,11.0,7.0,4.0,4.0,2.0,1.0,0.0,0.0,20191005,Premier League
30/09/2019,2019/20,Man United,Arsenal,1,1,D,1.0,0.0,H,K Friend,16.0,10.0,4.0,5.0,18.0,13.0,8.0,7.0,4.0,2.0,0.0,0.0,20190930,Premier League
29/09/2019,2019/20,Leicester,Newcastle,5,0,H,1.0,0.0,H,C Pawson,13.0,3.0,5.0,0.0,12.0,9.0,9.0,0.0,1.0,1.0,0.0,1.0,20190929,Premier League
28/09/2019,2019/20,Bournemouth,West Ham,2,2,D,1.0,1.0,D,S Attwell,13.0,17.0,5.0,6.0,7.0,8.0,6.0,6.0,3.0,1.0,0.0,0.0,20190928,Premier League
28/09/2019,2019/20,Aston Villa,Burnley,2,2,D,1.0,0.0,H,L Mason,16.0,10.0,3.0,3.0,10.0,16.0,7.0,3.0,1.0,4.0,0.0,0.0,20190928,Premier League
28/09/2019,2019/20,Crystal Palace,Norwich,2,0,H,1.0,0.0,H,J Moss,15.0,10.0,3.0,3.0,14.0,10.0,5.0,5.0,3.0,1.0,0.0,0.0,20190928,Premier League
28/09/2019,2019/20,Sheffield United,Liverpool,0,1,A,0.0,0.0,D,A Taylor,12.0,16.0,2.0,4.0,8.0,4.0,6.0,5.0,1.0,1.0,0.0,0.0,20190928,Premier League
28/09/2019,2019/20,Tottenham,Southampton,2,1,H,2.0,1.0,H,G Scott,9.0,14.0,4.0,6.0,5.0,16.0,6.0,6.0,0.0,2.0,1.0,0.0,20190928,Premier League
28/09/2019,2019/20,Wolves,Watford,2,0,H,1.0,0.0,H,P Tierney,6.0,14.0,2.0,5.0,5.0,6.0,1.0,6.0,0.0,1.0,0.0,0.0,20190928,Premier League
28/09/2019,2019/20,Chelsea,Brighton,2,0,H,0.0,0.0,D,C Kavanagh,24.0,8.0,10.0,1.0,5.0,13.0,5.0,2.0,2.0,3.0,0.0,0.0,20190928,Premier League
28/09/2019,2019/20,Everton,Man City,1,3,A,1.0,1.0,D,M Oliver,12.0,20.0,8.0,9.0,4.0,8.0,5.0,2.0,2.0,2.0,0.0,0.0,20190928,Premier League
22/09/2019,2019/20,West Ham,Man United,2,0,H,1.0,0.0,H,A Taylor,8.0,9.0,6.0,3.0,8.0,9.0,3.0,7.0,2.0,2.0,0.0,0.0,20190922,Premier League
22/09/2019,2019/20,Chelsea,Liverpool,1,2,A,0.0,2.0,A,M Oliver,13.0,6.0,2.0,3.0,8.0,13.0,6.0,4.0,3.0,3.0,0.0,0.0,20190922,Premier League
22/09/2019,2019/20,Crystal Palace,Wolves,1,1,D,0.0,0.0,D,S Attwell,13.0,14.0,4.0,4.0,7.0,10.0,6.0,7.0,2.0,1.0,0.0,1.0,20190922,Premier League
22/09/2019,2019/20,Arsenal,Aston Villa,3,2,H,0.0,1.0,A,J Moss,21.0,14.0,6.0,9.0,13.0,15.0,9.0,4.0,5.0,1.0,1.0,0.0,20190922,Premier League
21/09/2019,2019/20,Newcastle,Brighton,0,0,D,0.0,0.0,D,M Atkinson,11.0,16.0,4.0,3.0,12.0,8.0,5.0,3.0,2.0,1.0,0.0,0.0,20190921,Premier League
21/09/2019,2019/20,Everton,Sheffield United,0,2,A,0.0,1.0,A,S Hooper,16.0,2.0,3.0,1.0,9.0,9.0,12.0,3.0,1.0,3.0,0.0,0.0,20190921,Premier League
21/09/2019,2019/20,Leicester,Tottenham,2,1,H,0.0,1.0,A,P Tierney,16.0,11.0,7.0,4.0,16.0,13.0,8.0,2.0,1.0,2.0,0.0,0.0,20190921,Premier League
21/09/2019,2019/20,Burnley,Norwich,2,0,H,2.0,0.0,H,D Coote,13.0,11.0,6.0,2.0,11.0,10.0,7.0,3.0,0.0,1.0,0.0,0.0,20190921,Premier League
21/09/2019,2019/20,Man City,Watford,8,0,H,5.0,0.0,H,M Dean,28.0,5.0,11.0,4.0,5.0,9.0,5.0,4.0,2.0,2.0,0.0,0.0,20190921,Premier League
20/09/2019,2019/20,Southampton,Bournemouth,1,3,A,0.0,2.0,A,C Kavanagh,25.0,6.0,6.0,3.0,8.0,9.0,4.0,5.0,1.0,3.0,0.0,0.0,20190920,Premier League
16/09/2019,2019/20,Aston Villa,West Ham,0,0,D,0.0,0.0,D,M Dean,10.0,13.0,5.0,1.0,13.0,12.0,2.0,4.0,2.0,1.0,0.0,1.0,20190916,Premier League
15/09/2019,2019/20,Bournemouth,Everton,3,1,H,1.0,1.0,D,P Tierney,13.0,14.0,6.0,5.0,5.0,14.0,7.0,7.0,0.0,4.0,0.0,0.0,20190915,Premier League
15/09/2019,2019/20,Watford,Arsenal,2,2,D,0.0,2.0,A,A Taylor,31.0,10.0,7.0,4.0,14.0,4.0,7.0,1.0,3.0,3.0,0.0,0.0,20190915,Premier League
14/09/2019,2019/20,Man United,Leicester,1,0,H,1.0,0.0,H,M Atkinson,10.0,9.0,5.0,3.0,14.0,14.0,3.0,9.0,1.0,2.0,0.0,0.0,20190914,Premier League
14/09/2019,2019/20,Norwich,Man City,3,2,H,2.0,1.0,H,K Friend,7.0,25.0,3.0,8.0,8.0,7.0,3.0,16.0,3.0,1.0,0.0,0.0,20190914,Premier League
14/09/2019,2019/20,Wolves,Chelsea,2,5,A,0.0,3.0,A,G Scott,11.0,15.0,4.0,6.0,8.0,11.0,7.0,5.0,1.0,2.0,0.0,0.0,20190914,Premier League
14/09/2019,2019/20,Sheffield United,Southampton,0,1,A,0.0,0.0,D,L Mason,17.0,11.0,4.0,7.0,10.0,7.0,12.0,6.0,1.0,1.0,1.0,0.0,20190914,Premier League
14/09/2019,2019/20,Tottenham,Crystal Palace,4,0,H,4.0,0.0,H,C Pawson,13.0,11.0,5.0,6.0,19.0,11.0,4.0,3.0,4.0,2.0,0.0,0.0,20190914,Premier League
14/09/2019,2019/20,Brighton,Burnley,1,1,D,0.0,0.0,D,M Oliver,14.0,7.0,5.0,1.0,13.0,7.0,3.0,6.0,0.0,2.0,0.0,0.0,20190914,Premier League
14/09/2019,2019/20,Liverpool,Newcastle,3,1,H,2.0,1.0,H,A Marriner,21.0,8.0,9.0,1.0,5.0,4.0,10.0,1.0,0.0,0.0,0.0,0.0,20190914,Premier League
1/09/2019,2019/20,Everton,Wolves,3,2,H,2.0,1.0,H,A Taylor,15.0,8.0,6.0,5.0,12.0,12.0,7.0,7.0,1.0,4.0,0.0,1.0,20190901,Premier League
1/09/2019,2019/20,Arsenal,Tottenham,2,2,D,1.0,2.0,A,M Atkinson,26.0,13.0,8.0,9.0,13.0,19.0,11.0,6.0,3.0,5.0,0.0,0.0,20190901,Premier League
31/08/2019,2019/20,Leicester,Bournemouth,3,1,H,2.0,1.0,H,P Bankes,13.0,8.0,5.0,2.0,9.0,11.0,4.0,5.0,1.0,3.0,0.0,0.0,20190831,Premier League
31/08/2019,2019/20,Newcastle,Watford,1,1,D,1.0,1.0,D,G Scott,13.0,13.0,5.0,3.0,5.0,11.0,6.0,5.0,2.0,3.0,0.0,0.0,20190831,Premier League
31/08/2019,2019/20,Chelsea,Sheffield United,2,2,D,2.0,0.0,H,S Attwell,13.0,8.0,5.0,2.0,6.0,11.0,3.0,4.0,0.0,1.0,0.0,0.0,20190831,Premier League
31/08/2019,2019/20,Man City,Brighton,4,0,H,2.0,0.0,H,J Moss,15.0,6.0,6.0,2.0,10.0,6.0,8.0,1.0,1.0,1.0,0.0,0.0,20190831,Premier League
31/08/2019,2019/20,Southampton,Man United,1,1,D,0.0,1.0,A,M Dean,10.0,21.0,2.0,8.0,17.0,7.0,2.0,3.0,1.0,2.0,1.0,0.0,20190831,Premier League
31/08/2019,2019/20,Burnley,Liverpool,0,3,A,0.0,2.0,A,C Kavanagh,7.0,15.0,2.0,7.0,10.0,16.0,6.0,4.0,0.0,0.0,0.0,0.0,20190831,Premier League
31/08/2019,2019/20,West Ham,Norwich,2,0,H,1.0,0.0,H,P Tierney,18.0,8.0,8.0,3.0,16.0,10.0,8.0,2.0,2.0,1.0,0.0,0.0,20190831,Premier League
31/08/2019,2019/20,Crystal Palace,Aston Villa,1,0,H,0.0,0.0,D,K Friend,22.0,10.0,5.0,2.0,15.0,16.0,13.0,2.0,2.0,4.0,0.0,1.0,20190831,Premier League
25/08/2019,2019/20,Bournemouth,Man City,1,3,A,1.0,2.0,A,A Marriner,10.0,19.0,7.0,5.0,7.0,13.0,4.0,5.0,1.0,3.0,0.0,0.0,20190825,Premier League
25/08/2019,2019/20,Wolves,Burnley,1,1,D,0.0,1.0,A,C Pawson,17.0,13.0,2.0,4.0,9.0,11.0,4.0,3.0,0.0,2.0,0.0,0.0,20190825,Premier League
25/08/2019,2019/20,Tottenham,Newcastle,0,1,A,0.0,1.0,A,M Dean,17.0,8.0,2.0,3.0,10.0,5.0,6.0,6.0,2.0,2.0,0.0,0.0,20190825,Premier League
24/08/2019,2019/20,Sheffield United,Leicester,1,2,A,0.0,1.0,A,A Madley,8.0,10.0,3.0,2.0,11.0,6.0,7.0,4.0,1.0,0.0,0.0,0.0,20190824,Premier League
24/08/2019,2019/20,Man United,Crystal Palace,1,2,A,0.0,1.0,A,P Tierney,22.0,5.0,3.0,3.0,8.0,18.0,8.0,1.0,2.0,4.0,0.0,0.0,20190824,Premier League
24/08/2019,2019/20,Brighton,Southampton,0,2,A,0.0,0.0,D,K Friend,12.0,12.0,3.0,4.0,9.0,10.0,8.0,5.0,1.0,3.0,1.0,0.0,20190824,Premier League
24/08/2019,2019/20,Liverpool,Arsenal,3,1,H,1.0,0.0,H,A Taylor,25.0,9.0,5.0,3.0,8.0,5.0,6.0,4.0,1.0,1.0,0.0,0.0,20190824,Premier League
24/08/2019,2019/20,Norwich,Chelsea,2,3,A,2.0,2.0,D,M Atkinson,6.0,23.0,5.0,8.0,9.0,9.0,1.0,8.0,1.0,1.0,0.0,0.0,20190824,Premier League
24/08/2019,2019/20,Watford,West Ham,1,3,A,1.0,1.0,D,C Kavanagh,23.0,16.0,3.0,10.0,12.0,11.0,8.0,7.0,1.0,1.0,0.0,0.0,20190824,Premier League
23/08/2019,2019/20,Aston Villa,Everton,2,0,H,1.0,0.0,H,M Oliver,7.0,12.0,3.0,1.0,10.0,18.0,0.0,6.0,2.0,3.0,0.0,0.0,20190823,Premier League
19/08/2019,2019/20,Wolves,Man United,1,1,D,0.0,1.0,A,J Moss,6.0,9.0,2.0,2.0,17.0,8.0,4.0,6.0,2.0,2.0,0.0,0.0,20190819,Premier League
18/08/2019,2019/20,Sheffield United,Crystal Palace,1,0,H,0.0,0.0,D,D Coote,15.0,6.0,3.0,4.0,16.0,11.0,8.0,4.0,3.0,1.0,0.0,0.0,20190818,Premier League
18/08/2019,2019/20,Chelsea,Leicester,1,1,D,1.0,0.0,H,O Langford,14.0,12.0,5.0,3.0,9.0,14.0,4.0,5.0,1.0,0.0,0.0,0.0,20190818,Premier League
17/08/2019,2019/20,Southampton,Liverpool,1,2,A,0.0,1.0,A,A Marriner,14.0,15.0,3.0,6.0,10.0,6.0,5.0,9.0,2.0,1.0,0.0,0.0,20190817,Premier League
17/08/2019,2019/20,Brighton,West Ham,1,1,D,0.0,0.0,D,A Taylor,16.0,8.0,4.0,3.0,11.0,10.0,8.0,6.0,0.0,2.0,0.0,0.0,20190817,Premier League
17/08/2019,2019/20,Aston Villa,Bournemouth,1,2,A,0.0,2.0,A,M Atkinson,22.0,12.0,7.0,4.0,10.0,13.0,10.0,5.0,0.0,2.0,0.0,0.0,20190817,Premier League
17/08/2019,2019/20,Man City,Tottenham,2,2,D,2.0,1.0,H,M Oliver,30.0,3.0,10.0,2.0,14.0,4.0,13.0,2.0,1.0,0.0,0.0,0.0,20190817,Premier League
17/08/2019,2019/20,Everton,Watford,1,0,H,1.0,0.0,H,L Mason,12.0,8.0,2.0,2.0,11.0,11.0,4.0,7.0,2.0,3.0,0.0,0.0,20190817,Premier League
17/08/2019,2019/20,Arsenal,Burnley,2,1,H,1.0,1.0,D,M Dean,16.0,18.0,9.0,5.0,13.0,11.0,10.0,7.0,2.0,1.0,0.0,0.0,20190817,Premier League
17/08/2019,2019/20,Norwich,Newcastle,3,1,H,1.0,0.0,H,S Attwell,15.0,10.0,8.0,3.0,9.0,11.0,7.0,5.0,1.0,3.0,0.0,0.0,20190817,Premier League
11/08/2019,2019/20,Leicester,Wolves,0,0,D,0.0,0.0,D,A Marriner,15.0,8.0,1.0,2.0,3.0,13.0,12.0,3.0,0.0,2.0,0.0,0.0,20190811,Premier League
11/08/2019,2019/20,Newcastle,Arsenal,0,1,A,0.0,0.0,D,M Atkinson,9.0,8.0,2.0,2.0,12.0,7.0,5.0,3.0,1.0,3.0,0.0,0.0,20190811,Premier League
11/08/2019,2019/20,Man United,Chelsea,4,0,H,1.0,0.0,H,A Taylor,11.0,18.0,5.0,7.0,15.0,13.0,3.0,5.0,3.0,4.0,0.0,0.0,20190811,Premier League
10/08/2019,2019/20,Crystal Palace,Everton,0,0,D,0.0,0.0,D,J Moss,6.0,10.0,2.0,3.0,16.0,14.0,6.0,2.0,2.0,1.0,0.0,1.0,20190810,Premier League
10/08/2019,2019/20,Bournemouth,Sheffield United,1,1,D,0.0,0.0,D,K Friend,13.0,8.0,3.0,3.0,10.0,19.0,3.0,4.0,2.0,1.0,0.0,0.0,20190810,Premier League
10/08/2019,2019/20,Watford,Brighton,0,3,A,0.0,1.0,A,C Pawson,11.0,5.0,3.0,3.0,15.0,11.0,5.0,2.0,0.0,1.0,0.0,0.0,20190810,Premier League
10/08/2019,2019/20,Tottenham,Aston Villa,3,1,H,0.0,1.0,A,C Kavanagh,31.0,7.0,7.0,4.0,13.0,9.0,14.0,0.0,1.0,0.0,0.0,0.0,20190810,Premier League
10/08/2019,2019/20,Burnley,Southampton,3,0,H,0.0,0.0,D,G Scott,10.0,11.0,4.0,3.0,6.0,12.0,2.0,7.0,0.0,0.0,0.0,0.0,20190810,Premier League
10/08/2019,2019/20,West Ham,Man City,0,5,A,0.0,1.0,A,M Dean,5.0,14.0,3.0,9.0,6.0,13.0,1.0,1.0,2.0,2.0,0.0,0.0,20190810,Premier League
9/08/2019,2019/20,Liverpool,Norwich,4,1,H,4.0,0.0,H,M Oliver,15.0,12.0,7.0,5.0,9.0,9.0,11.0,2.0,0.0,2.0,0.0,0.0,20190809,Premier League
